<?xml version="1.0"?>
<!--
/**
 * Copyright © Magento, Inc. All rights reserved.
 * See COPYING.txt for license details.
 */
-->
<config xmlns:xsi="http://www.w3.org/2001/XMLSchema-instance" xsi:noNamespaceSchemaLocation="urn:magento:module:Magento_Config:etc/system_file.xsd">
    <system>
      <tab id="traning" translate="label" sortOrder="200">
            <label>Bluethink Traning</label>
        </tab>
        <section id="bttraning" translate="label" type="text" sortOrder="100" showInDefault="1" showInWebsite="1" showInStore="1">
            <label>Admin Grid</label>
            <tab>traning</tab>
            <resource>Bluethinkinc_AdminGrid::promo</resource>
            <group id="contact" translate="label" type="text" sortOrder="10" showInDefault="1" showInWebsite="1" showInStore="1">
                <label>Bluethink AdminGrid</label>
                <field id="enabled" translate="label" type="select" sortOrder="10" showInDefault="1" showInWebsite="1" showInStore="1" canRestore="0">
                    <label>Enable Bluethink Module</label>
                    <source_model>Magento\Config\Model\Config\Source\Yesno</source_model>
                    <backend_model>Magento\Contact\Model\System\Config\Backend\Links</backend_model>
                </field>
            </group>
            <!-- type="obscure" for secure password like when I have trying to inspect and change type="text" then getting *****  -->
            <group id="btinc" translate="label" type="text" sortOrder="10" showInDefault="1" showInWebsite="1" showInStore="1">
                <label>Bluethink Configuration</label>
                <field id="enabled" translate="label" type="obscure" sortOrder="10" showInDefault="1" showInWebsite="1" showInStore="1" canRestore="0">
                    <label> Bluethink Password</label>
                </field>
                <field id="state_required" translate="label" type="multiselect" sortOrder="1" showInDefault="1">
                    <label>State is Required for</label>
                    <source_model>Magento\Directory\Model\Config\Source\Country</source_model>
                    <can_be_empty>1</can_be_empty>
                </field>
                 <field id="customerGroup" translate="label" type="multiselect" sortOrder="1" showInDefault="1">
                    <label>Customer Group</label>
                    <source_model>Magento\Customer\Model\ResourceModel\Group\Collection</source_model>
                    <can_be_empty>1</can_be_empty>
                </field>
                  <field id="catagory" translate="label" type="multiselect" sortOrder="1" showInDefault="1">
                    <label>Category Group</label>
                    <source_model>Bluethinkinc\AdminGrid\Model\ResourceModel\Category\Collection</source_model>
                    <can_be_empty>1</can_be_empty>
                </field>
            </group>
            <!-- <group id="email" translate="label" type="text" sortOrder="50" showInDefault="1" showInWebsite="1" showInStore="1">
                <label>Email Options</label>
                <field id="recipient_email" translate="label" type="text" sortOrder="10" showInDefault="1" showInWebsite="1" showInStore="1" canRestore="1">
                    <label>Send Emails To</label>
                    <validate>validate-email</validate>
                    <depends>
                        <field id="*/contact/enabled">1</field>
                    </depends>
                </field>
                <field id="sender_email_identity" translate="label" type="select" sortOrder="20" showInDefault="1" showInWebsite="1" showInStore="1" canRestore="1">
                    <label>Email Sender</label>
                    <source_model>Magento\Config\Model\Config\Source\Email\Identity</source_model>
                    <depends>
                        <field id="*/contact/enabled">1</field>
                    </depends>
                </field>
                <field id="email_template" translate="label comment" type="select" sortOrder="30" showInDefault="1" showInWebsite="1" showInStore="1" canRestore="1">
                    <label>Email Template</label>
                    <comment>Email template chosen based on theme fallback when "Default" option is selected.</comment>
                    <source_model>Magento\Config\Model\Config\Source\Email\Template</source_model>
                    <depends>
                        <field id="*/contact/enabled">1</field>
                    </depends>
                </field>
            </group> -->
        </section>
    </system>
</config>
