<?xml version="1.0"?>
<!--
/**
 * Copyright © Magento, Inc. All rights reserved.
 * See COPYING.txt for license details.
 */
-->
<config xmlns:xsi="http://www.w3.org/2001/XMLSchema-instance" xsi:noNamespaceSchemaLocation="urn:magento:framework:Acl/etc/acl.xsd">
    <acl>
        <resources>
            <resource id="Magento_Backend::admin">
                <resource id="Bluethinkinc_AdminGrid::promo" title="BluethinkInc">
                    <resource id="Bluethink_AdminGrid::revice" title="Revice Admin Grid">
                        <resource id="Bluethinkinc_AdminGrid::custom" title="Admin Grid" translate="title" sortOrder="10"> 
                        </resource>
                    </resource>
                    <resource id="Bluethinkinc_AdminGrid::admingrid" title=" Admin Grid">
                        <resource id="Bluethinkinc_AdminGrid::admin" title="Traning Grid" translate="title" sortOrder="10"> 
                        </resource>
                    </resource>
                </resource>
                <!-- <resource id="Magento_Backend::stores">
                    <resource id="Magento_Backend::stores_settings">
                        <resource id="Magento_Config::config">
                            <resource id="Magento_Cms::config_cms" title="Content Management" translate="title" />
                        </resource>
                    </resource>
                </resource> -->
            </resource>
        </resources>
    </acl>
</config>
